[{"model": "sessions.session", "pk": "qwrbzbvj91mtbpeguhcky7nbja2eckp7", "fields": {"session_data": ".eJxVjEEOwiAQRe_C2hApQ2Fcuu8ZmhkGpGpoUtqV8e7apAvd_vfef6mRtrWMW0vLOIm6KKNOvxtTfKS6A7lTvc06znVdJta7og_a9DBLel4P9--gUCvf2joXTBciZcHoXU_GAaLj0AMw29yDoM_gQ84eOyFmRGuMjZDMWUDU-wPOhjeR:1ksv3l:oBJ8TcYwIzNN7EKvDsONAzWwVq7w7HOSQPjf3Yg4zvI", "expire_date": "2021-01-08T21:55:41.846Z"}}, {"model": "sessions.session", "pk": "tmsv194zdby63ssitbwgcp3ppg7ap57b", "fields": {"session_data": ".eJxVjDsOwjAQBe_iGllrx9-U9DlDtF7b2IASKU5oEHcnkVJA-2bevNmI21rGraVlrJH1TLHL7xaQHmk6QLzjdJs5zdO61MAPhZ-08WGO6Xk93b9AwVb2N5FTxpEByp3QCrIFb6UXgWyMQpuQpIcMHomiBmeN9BhUZykrgeDcHt1rr0qJ9eLzBYjWO0U:1ktImb:-bAA9nZ6MT8HJ6IdcAwzsE_231qkcwJzcEYf3OK6VOs", "expire_date": "2021-01-09T23:15:33.077Z"}}, {"model": "account.user", "pk": 1, "fields": {"password": "pbkdf2_sha256$216000$wQEysPZGm8G1$SJYNuv7MkBgj9talXlNP+2cTPxpUyxTxQAm2TNkv0P4=", "last_login": "2020-12-25T21:55:41.844Z", "is_superuser": true, "username": "", "is_customer": false, "is_worker": false, "email": "admin@gmail.com", "first_name": "", "last_name": "", "profile_img": "", "date_joined": "2020-12-25T21:55:31.901Z", "is_staff": true, "is_active": true, "groups": [], "user_permissions": []}}, {"model": "account.user", "pk": 3, "fields": {"password": "pbkdf2_sha256$216000$sD80zagKzZmn$NUYyXzsuLrH19CjIX60eR3cTJsYgtLcCAdfckwJ1z8g=", "last_login": "2020-12-25T22:11:35.676Z", "is_superuser": false, "username": "ruhinshukurlu@gmail.com", "is_customer": false, "is_worker": true, "email": "ruhinshukurlu@gmail.com", "first_name": "Ruhin", "last_name": "Shukurlu", "profile_img": "", "date_joined": "2020-12-25T22:11:35.668Z", "is_staff": false, "is_active": false, "groups": [], "user_permissions": []}}, {"model": "account.user", "pk": 4, "fields": {"password": "pbkdf2_sha256$216000$61SKWDdOLVkp$NRGg6udmqUtyEU/TE6aC4VB3JDocN04nNgwLUHZNUTU=", "last_login": "2020-12-26T16:47:35.472Z", "is_superuser": false, "username": "ruhidshukurlu@gmail.com", "is_customer": false, "is_worker": true, "email": "ruhidshukurlu@gmail.com", "first_name": "Ruhid", "last_name": "Shukurlu", "profile_img": "profile-pictures/bmw.jpg", "date_joined": "2020-12-25T23:35:28.497Z", "is_staff": false, "is_active": true, "groups": [], "user_permissions": []}}, {"model": "account.user", "pk": 5, "fields": {"password": "pbkdf2_sha256$216000$R6NyZljzOEry$Scfn21DrctXw4PHakNYZ1i936C9qVGQvmlfCHxASyOc=", "last_login": "2020-12-26T08:53:36.287Z", "is_superuser": false, "username": "mahammad@gmail.com", "is_customer": false, "is_worker": true, "email": "mahammad@gmail.com", "first_name": "Mehemmed", "last_name": "Shukurlu", "profile_img": "", "date_joined": "2020-12-26T08:44:27.659Z", "is_staff": false, "is_active": true, "groups": [], "user_permissions": []}}, {"model": "account.worker", "pk": 3, "fields": {"work_place": "Baku", "elite_tasker": false, "about": "kmslaksdmclkesd fckewj", "languages": "Azerbaijan", "rating": null, "experience": "1 year", "birth_date": "1950-01-01"}}, {"model": "account.worker", "pk": 4, "fields": {"work_place": "Baku", "elite_tasker": false, "about": "lkmdfflkewmf\\clkefk erfk,dsc\\kj eflken rflnr", "languages": "Azerbaijan", "rating": null, "experience": "1 year", "birth_date": "1950-01-01"}}, {"model": "account.worker", "pk": 5, "fields": {"work_place": "Sumqayit", "elite_tasker": false, "about": "ewfmregisterregisterregisterregisterregisterregisterregisterregisterregisterregisterregisterregisterregisterregisterewfmregisterregisterregisterregisterregisterregisterregisterregisterregisterregisterregisterregisterregisterregisterewfmregisterregisterregisterregisterregisterregisterregisterregisterregisterregisterregisterregisterregisterregisterewfmregisterregisterregisterregisterregisterregisterregisterregisterregisterregisterregisterregisterregisterregister", "languages": "Azerbaijan", "rating": null, "experience": "1 year", "birth_date": "1950-01-01"}}, {"model": "account.workplace", "pk": 1, "fields": {"title": "Baku"}}, {"model": "account.workplace", "pk": 2, "fields": {"title": "Sumqayit"}}, {"model": "account.workplace", "pk": 3, "fields": {"title": "Balaken"}}, {"model": "worker.service", "pk": 1, "fields": {"title": "Cleaning", "description": "", "image": "service-photos/open_top_london_bus_tour_640x360.jpg", "created_at": "2020-12-26", "slug": "cleaning"}}, {"model": "worker.service", "pk": 2, "fields": {"title": "Furniture Movement", "description": "", "image": "service-photos/international-tour-packages.jpg", "created_at": "2020-12-26", "slug": "furniture-movement"}}, {"model": "worker.service", "pk": 4, "fields": {"title": "Car Washing", "description": "", "image": "service-photos/AdobeStock_66932447_RN8b0Aj.jpeg", "created_at": "2020-12-26", "slug": "car-washing"}}, {"model": "worker.skill", "pk": 1, "fields": {"user": ["ruhidshukurlu@gmail.com"], "service": 2, "price": 23, "experience": "ldfvmjfdosvifvjnmifdvldfvmjfdosvifvjnmifdvldfvmjfdosvifvjnmifdvldfvmjfdosvifvjnmifdvldfvmjfdosvifvjnmifdvldfvmjfdosvifvjnmifdvldfvmjfdosvifvjnmifdvldfvmjfdosvifvjnmifdv", "task_count": null, "vehicles": [1], "tools": [1]}}, {"model": "worker.skill", "pk": 2, "fields": {"user": ["mahammad@gmail.com"], "service": 2, "price": 32, "experience": "d;fv,fd;vldv;lelmvlkndskjcern kjd;fv,fd;vldv;lelmvlkndskjcern kjd;fv,fd;vldv;lelmvlkndskjcern kjd;fv,fd;vldv;lelmvlkndskjcern kjd;fv,fd;vldv;lelmvlkndskjcern kj", "task_count": null, "vehicles": [2], "tools": [1, 2]}}, {"model": "worker.skill", "pk": 3, "fields": {"user": ["ruhidshukurlu@gmail.com"], "service": 1, "price": 45, "experience": "rrkmffmeirfnasiufewhfnierufbnicrrkmffmeirfnasiufewhfnierufbnicrrkmffmeirfnasiufewhfnierufbnicrrkmffmeirfnasiufewhfnierufbnic", "task_count": null, "vehicles": [1], "tools": [1]}}, {"model": "worker.skill", "pk": 4, "fields": {"user": ["mahammad@gmail.com"], "service": 1, "price": 23, "experience": "dfvn dkfvfdvklmvsadkvnekvjnedfvn dkfvfdvklmvsadkvnekvjnedfvn dkfvfdvklmvsadkvnekvjnedfvn dkfvfdvklmvsadkvnekvjnedfvn dkfvfdvklmvsadkvnekvjne", "task_count": null, "vehicles": [], "tools": []}}, {"model": "worker.skill", "pk": 6, "fields": {"user": ["ruhidshukurlu@gmail.com"], "service": 4, "price": 12, "experience": "ekmverlkdfvc\\rlke", "task_count": null, "vehicles": [1, 2], "tools": [1]}}, {"model": "worker.task", "pk": 6, "fields": {"user": ["ruhidshukurlu@gmail.com"], "worker": ["mahammad@gmail.com"], "skill": 4, "accept": false, "denied": false, "text": "kejrnfkqwejfne", "created_at": "2020-12-26", "date": "2020-12-23", "time": "02:55:00"}}, {"model": "worker.task", "pk": 7, "fields": {"user": ["ruhidshukurlu@gmail.com"], "worker": ["mahammad@gmail.com"], "skill": 4, "accept": false, "denied": false, "text": "qkmfqlkwemf re", "created_at": "2020-12-26", "date": "2020-12-16", "time": "06:55:00"}}, {"model": "worker.task", "pk": 8, "fields": {"user": ["ruhidshukurlu@gmail.com"], "worker": ["mahammad@gmail.com"], "skill": 4, "accept": false, "denied": false, "text": "wkmeflkewdm", "created_at": "2020-12-26", "date": "2020-12-16", "time": "02:00:00"}}, {"model": "worker.task", "pk": 9, "fields": {"user": ["ruhidshukurlu@gmail.com"], "worker": ["mahammad@gmail.com"], "skill": 4, "accept": false, "denied": false, "text": "klmfdlkew fklm", "created_at": "2020-12-26", "date": "2020-12-24", "time": "03:04:00"}}, {"model": "worker.task", "pk": 10, "fields": {"user": ["ruhidshukurlu@gmail.com"], "worker": ["mahammad@gmail.com"], "skill": 4, "accept": false, "denied": false, "text": "lqwkmfklwemq\\f", "created_at": "2020-12-26", "date": "2020-12-17", "time": "03:16:00"}}, {"model": "worker.task", "pk": 11, "fields": {"user": ["mahammad@gmail.com"], "worker": ["ruhidshukurlu@gmail.com"], "skill": 1, "accept": false, "denied": false, "text": "remelkrtmg,fre;f", "created_at": "2020-12-26", "date": "2020-12-15", "time": "16:35:00"}}, {"model": "worker.vehicle", "pk": 1, "fields": {"title": "Car"}}, {"model": "worker.vehicle", "pk": 2, "fields": {"title": "Truck"}}, {"model": "worker.tool", "pk": 1, "fields": {"title": "Power drill"}}, {"model": "worker.tool", "pk": 2, "fields": {"title": "Power saw"}}, {"model": "worker.skillphoto", "pk": 1, "fields": {"skill": 1, "image": "skill-photos/bmw.jpg"}}, {"model": "worker.skillphoto", "pk": 2, "fields": {"skill": 1, "image": "skill-photos/big-cat.jpg"}}, {"model": "worker.skillphoto", "pk": 3, "fields": {"skill": 1, "image": "skill-photos/bmw_1.jpg"}}, {"model": "worker.skillphoto", "pk": 4, "fields": {"skill": 2, "image": "skill-photos/bmw_1_htpBd83.jpg"}}, {"model": "worker.skillphoto", "pk": 5, "fields": {"skill": 2, "image": "skill-photos/big-cat_eAugzFa.jpg"}}, {"model": "worker.skillphoto", "pk": 6, "fields": {"skill": 2, "image": "skill-photos/dark-road.jpg"}}, {"model": "worker.skillphoto", "pk": 7, "fields": {"skill": 3, "image": "skill-photos/bmw_1_EZszO97.jpg"}}, {"model": "worker.skillphoto", "pk": 8, "fields": {"skill": 3, "image": "skill-photos/dark-road_D9DLiIF.jpg"}}, {"model": "worker.skillphoto", "pk": 9, "fields": {"skill": 4, "image": "skill-photos/bmw_5L4IQEF.jpg"}}, {"model": "notifications.notification", "pk": 1, "fields": {"level": "info", "recipient": ["mahammad@gmail.com"], "unread": true, "actor_content_type": ["worker", "task"], "actor_object_id": "<property object at 0x7fc8f188ba10>", "verb": "was saved", "description": null, "target_content_type": null, "target_object_id": null, "action_object_content_type": null, "action_object_object_id": null, "timestamp": "2020-12-26T22:51:37.143Z", "public": true, "deleted": false, "emailed": false, "data": null}}, {"model": "notifications.notification", "pk": 2, "fields": {"level": "info", "recipient": ["mahammad@gmail.com"], "unread": true, "actor_content_type": ["worker", "task"], "actor_object_id": "<property object at 0x7f000fb3d0b0>", "verb": "was saved", "description": null, "target_content_type": null, "target_object_id": null, "action_object_content_type": null, "action_object_object_id": null, "timestamp": "2020-12-26T22:53:30.663Z", "public": true, "deleted": false, "emailed": false, "data": null}}, {"model": "notifications.notification", "pk": 3, "fields": {"level": "info", "recipient": ["mahammad@gmail.com"], "unread": true, "actor_content_type": ["worker", "task"], "actor_object_id": "<property object at 0x7f3f97942a10>", "verb": "was saved", "description": null, "target_content_type": null, "target_object_id": null, "action_object_content_type": null, "action_object_object_id": null, "timestamp": "2020-12-26T22:55:41.118Z", "public": true, "deleted": false, "emailed": false, "data": null}}, {"model": "notifications.notification", "pk": 4, "fields": {"level": "info", "recipient": ["mahammad@gmail.com"], "unread": true, "actor_content_type": ["worker", "task"], "actor_object_id": "<property object at 0x7f89c44e2a10>", "verb": "was saved", "description": null, "target_content_type": null, "target_object_id": null, "action_object_content_type": null, "action_object_object_id": null, "timestamp": "2020-12-26T22:57:07.248Z", "public": true, "deleted": false, "emailed": false, "data": null}}, {"model": "notifications.notification", "pk": 5, "fields": {"level": "info", "recipient": ["mahammad@gmail.com"], "unread": true, "actor_content_type": ["worker", "task"], "actor_object_id": "<property object at 0x7f302bcfca10>", "verb": "was saved", "description": null, "target_content_type": null, "target_object_id": null, "action_object_content_type": null, "action_object_object_id": null, "timestamp": "2020-12-26T23:02:19.475Z", "public": true, "deleted": false, "emailed": false, "data": null}}, {"model": "notifications.notification", "pk": 6, "fields": {"level": "info", "recipient": ["mahammad@gmail.com"], "unread": true, "actor_content_type": ["worker", "task"], "actor_object_id": "<property object at 0x7f2b2c274a10>", "verb": "was saved", "description": null, "target_content_type": null, "target_object_id": null, "action_object_content_type": null, "action_object_object_id": null, "timestamp": "2020-12-26T23:13:31.355Z", "public": true, "deleted": false, "emailed": false, "data": null}}, {"model": "notifications.notification", "pk": 7, "fields": {"level": "info", "recipient": ["ruhidshukurlu@gmail.com"], "unread": true, "actor_content_type": ["worker", "task"], "actor_object_id": "<property object at 0x7f2b2c274a10>", "verb": "was saved", "description": null, "target_content_type": null, "target_object_id": null, "action_object_content_type": null, "action_object_object_id": null, "timestamp": "2020-12-26T23:14:37.658Z", "public": true, "deleted": false, "emailed": false, "data": null}}]